# 一、MySQL简介

![mysql](image/mysql.jpg)

MySQL 是最流行的关系型数据库管理系统，在 WEB 应用方面 MySQL 是最好的 RDBMS(Relational Database Management System：关系数据库管理系统)应用软件之一。

在本教程中，会让大家快速掌握 MySQL 的基本知识，并轻松使用 MySQL 数据库。

------

## 1、什么是数据库？

数据库（Database）是按照数据结构来组织、存储和管理数据的仓库。

每个数据库都有一个或多个不同的 API 用于创建，访问，管理，搜索和复制所保存的数据。

我们也可以将数据存储在文件中，但是在文件中读写数据速度相对较慢。

所以，现在我们使用关系型数据库管理系统（RDBMS）来存储和管理大数据量。所谓的关系型数据库，是建立在关系模型基础上的数据库，借助于集合代数等数学概念和方法来处理数据库中的数据。

RDBMS 即关系数据库管理系统(Relational Database Management System)的特点：

> - 1.数据以表格的形式出现
> - 2.每行为各种记录名称
> - 3.每列为记录名称所对应的数据域
> - 4.许多的行和列组成一张表单
> - 5.若干的表单组成database

------

## 2、RDBMS 术语



在我们开始学习MySQL 数据库前，让我们先了解下RDBMS的一些术语：

- **数据库:** 数据库是一些关联表的集合。
- **数据表:** 表是数据的矩阵。在一个数据库中的表看起来像一个简单的电子表格。
- **列:** 一列(数据元素) 包含了相同类型的数据, 例如邮政编码的数据。
- **行：**一行（=元组，或记录）是一组相关的数据，例如一条用户订阅的数据。
- **冗余**：存储两倍数据，冗余降低了性能，但提高了数据的安全性。
- **主键**：主键是唯一的。一个数据表中只能包含一个主键。你可以使用主键来查询数据。
- **外键：**外键用于关联两个表。
- **复合键**：复合键（组合键）将多个列作为一个索引键，一般用于复合索引。
- **索引：**使用索引可快速访问数据库表中的特定信息。索引是对数据库表中一列或多列的值进行排序的一种结构。类似于书籍的目录。
- **参照完整性:** 参照的完整性要求关系中不允许引用不存在的实体。与实体完整性是关系模型必须满足的完整性约束条件，目的是保证数据的一致性。

MySQL 为关系型数据库(Relational Database Management System), 这种所谓的"关系型"可以理解为"表格"的概念, 一个关系型数据库由一个或数个表格组成, 如图所示的一个表格:

![img](image/0921_1.jpg)

- 表头(header): 每一列的名称;
- 列(col): 具有相同数据类型的数据的集合;
- 行(row): 每一行用来描述某条记录的具体信息;
- 值(value): 行的具体信息, 每个值必须与该列的数据类型相同;
- **键(key)**: 键的值在当前列中具有唯一性。

------

## 3、MySQL数据库

MySQL 是一个关系型数据库管理系统，由瑞典 MySQL AB 公司开发，目前属于 Oracle 公司。MySQL 是一种关联数据库管理系统，关联数据库将数据保存在不同的表中，而不是将所有数据放在一个大仓库内，这样就增加了速度并提高了灵活性。

- MySQL 是开源的，目前隶属于 Oracle 旗下产品。
- MySQL 支持大型的数据库。可以处理拥有上千万条记录的大型数据库。
- MySQL 使用标准的 SQL 数据语言形式。
- MySQL 可以运行于多个系统上，并且支持多种语言。这些编程语言包括 C、C++、Python、Java、Perl、PHP、Eiffel、Ruby 和 Tcl 等。
- MySQL 对PHP有很好的支持，PHP 是目前最流行的 Web 开发语言。
- MySQL 支持大型数据库，支持 5000 万条记录的数据仓库，32 位系统表文件最大可支持 4GB，64 位系统支持最大的表文件为8TB。
- MySQL 是可以定制的，采用了 GPL 协议，你可以修改源码来开发自己的 MySQL 系统。

## 4、安装

[安装教程](../../DevEnvironment/Windows/windows10.md)

# 二、启动及关闭 MySQL 服务器

## 1、Windows 系统下

在 Windows 系统下，打开命令窗口(cmd)，进入 MySQL 安装目录的 bin 目录。

启动：

```shell
cd c:/mysql/bin
mysqld --console
```

关闭：

```shell
cd c:/mysql/bin
mysqladmin -uroot shutdown
```

## 2、Linux 系统下

首先，我们需要通过以下命令来检查MySQL服务器是否启动：

```shell
ps -ef | grep mysqld
```

如果MySql已经启动，以上命令将输出mysql进程列表， 如果mysql未启动，你可以使用以下命令来启动mysql服务器:

```shell
root@host# cd /usr/bin
./mysqld_safe &
```

如果你想关闭目前运行的 MySQL 服务器, 你可以执行以下命令:

```shell
root@host# cd /usr/bin
./mysqladmin -u root -p shutdown
Enter password: ******
```

## 3、管理MySQL的命令

以下列出了使用Mysql数据库过程中常用的命令：

- **USE \*数据库名\*** :
  选择要操作的Mysql数据库，使用该命令后所有Mysql命令都只针对该数据库。

  ```sql
  mysql> use RUNOOB;
  Database changed
  ```

- **SHOW DATABASES:**
  列出 MySQL 数据库管理系统的数据库列表。

  ```sql
  mysql> SHOW DATABASES;
  +--------------------+
  | Database           |
  +--------------------+
  | information_schema |
  | RUNOOB             |
  | cdcol              |
  | mysql              |
  | onethink           |
  | performance_schema |
  | phpmyadmin         |
  | test               |
  | wecenter           |
  | wordpress          |
  +--------------------+
  10 rows in set (0.02 sec)
  ```

- **SHOW TABLES:**
  显示指定数据库的所有表，使用该命令前需要使用 use 命令来选择要操作的数据库。

  ```sql
  mysql> use RUNOOB;
  Database changed
  mysql> SHOW TABLES;
  +------------------+
  | Tables_in_runoob |
  +------------------+
  | employee_tbl     |
  | runoob_tbl       |
  | tcount_tbl       |
  +------------------+
  3 rows in set (0.00 sec)
  ```

- **SHOW COLUMNS FROM \*数据表\*:**
  显示数据表的属性，属性类型，主键信息 ，是否为 NULL，默认值等其他信息。

  ```sql
  mysql> SHOW COLUMNS FROM runoob_tbl;
  +-----------------+--------------+------+-----+---------+-------+
  | Field           | Type         | Null | Key | Default | Extra |
  +-----------------+--------------+------+-----+---------+-------+
  | runoob_id       | int(11)      | NO   | PRI | NULL    |       |
  | runoob_title    | varchar(255) | YES  |     | NULL    |       |
  | runoob_author   | varchar(255) | YES  |     | NULL    |       |
  | submission_date | date         | YES  |     | NULL    |       |
  +-----------------+--------------+------+-----+---------+-------+
  4 rows in set (0.01 sec)
  ```

- **SHOW INDEX FROM \*数据表\*:**
  显示数据表的详细索引信息，包括PRIMARY KEY（主键）。

  ```sql
  mysql> SHOW INDEX FROM runoob_tbl;
  +------------+------------+----------+--------------+-------------+-----------+-------------+----------+--------+------+------------+---------+---------------+
  | Table      | Non_unique | Key_name | Seq_in_index | Column_name | Collation | Cardinality | Sub_part | Packed | Null | Index_type | Comment | Index_comment |
  +------------+------------+----------+--------------+-------------+-----------+-------------+----------+--------+------+------------+---------+---------------+
  | runoob_tbl |          0 | PRIMARY  |            1 | runoob_id   | A         |           2 |     NULL | NULL   |      | BTREE      |         |               |
  +------------+------------+----------+--------------+-------------+-----------+-------------+----------+--------+------+------------+---------+---------------+
  1 row in set (0.00 sec)
  ```

- **SHOW TABLE STATUS [FROM db_name] [LIKE 'pattern'] \G:**
  该命令将输出Mysql数据库管理系统的性能及统计信息。

  ```sql
  mysql> SHOW TABLE STATUS  FROM RUNOOB;   # 显示数据库 RUNOOB 中所有表的信息
  mysql> SHOW TABLE STATUS from RUNOOB LIKE 'runoob%';     # 表名以runoob开头的表的信息
  mysql> SHOW TABLE STATUS from RUNOOB LIKE 'runoob%'\G;   # 加上 \G，查询结果按列打印
  ```

# 三、MySQL 连接

------

## 1、使用mysql二进制方式连接

您可以使用MySQL二进制方式进入到mysql命令提示符下来连接MySQL数据库。

实例

以下是从命令行中连接mysql服务器的简单实例：

```sh
[root@host]# mysql -u root -p
Enter password:******
```

在登录成功后会出现 mysql> 命令提示窗口，你可以在上面执行任何 SQL 语句。

以上命令执行后，登录成功输出结果如下:

```sh
Welcome to the MySQL monitor.  Commands end with ; or \g.
Your MySQL connection id is 2854760 to server version: 5.0.9

Type 'help;' or '\h' for help. Type '\c' to clear the buffer.
```

在以上实例中，我们使用了root用户登录到mysql服务器，当然你也可以使用其他mysql用户登录。

如果用户权限足够，任何用户都可以在mysql的命令提示窗口中进行SQL操作。

退出 mysql> 命令提示窗口可以使用 exit 命令，如下所示：

```sh
mysql> exit
Bye
```

# 四、MySQL 数据库操作

## 1、创建数据库

我们可以在登陆 MySQL 服务后，使用 **create** 命令创建数据库，语法如下:

```sql
CREATE DATABASE 数据库名;
```

以下命令简单的演示了创建数据库的过程，数据名为 RUNOOB:

```sh
[root@host]# mysql -u root -p   
Enter password:******  # 登录后进入终端

mysql> create DATABASE RUNOOB;
```

**使用 mysqladmin 创建数据库**

使用普通用户，你可能需要特定的权限来创建或者删除 MySQL 数据库。

所以我们这边使用root用户登录，root用户拥有最高权限，可以使用 mysql **mysqladmin** 命令来创建数据库。

以下命令简单的演示了创建数据库的过程，数据名为 RUNOOB:

```sh
[root@host]# mysqladmin -u root -p create RUNOOB
Enter password:******
```

以上命令执行成功后会创建 MySQL 数据库 RUNOOB。

## 2、删除数据库

使用普通用户登陆 MySQL 服务器，你可能需要特定的权限来创建或者删除 MySQL 数据库，所以我们这边使用 root 用户登录，root 用户拥有最高权限。

在删除数据库过程中，务必要十分谨慎，因为在执行删除命令后，所有数据将会消失。



drop 命令删除数据库

drop 命令格式：

```sql
drop database <数据库名>;
```

例如删除名为 RUNOOB 的数据库：

```sql
mysql> drop database RUNOOB;
```

使用 mysqladmin 删除数据库

你也可以使用 mysql **mysqladmin** 命令在终端来执行删除命令。

以下实例删除数据库 RUNOOB(该数据库在前一章节已创建)：



```sh
[root@host]# mysqladmin -u root -p drop RUNOOB
Enter password:******
```

执行以上删除数据库命令后，会出现一个提示框，来确认是否真的删除数据库：

```sh
Dropping the database is potentially a very bad thing to do.
Any data stored in the database will be destroyed.

Do you really want to drop the 'RUNOOB' database [y/N] y
Database "RUNOOB" dropped
```

在你连接到 MySQL 数据库后，可能有多个可以操作的数据库，所以你需要选择你要操作的数据库。

------

## 3、选择数据库

在 mysql> 提示窗口中可以很简单的选择特定的数据库。你可以使用SQL命令来选择指定的数据库。

**语法**

```sql
use 数据库名;
```

**实例**

以下实例选取了数据库 RUNOOB:

```sh
[root@host]# mysql -u root -p
Enter password:******
mysql> use RUNOOB;
Database changed
mysql>
```

# 五、MySQL 数据类型

MySQL 中定义数据字段的类型对你数据库的优化是非常重要的。

MySQL 支持多种类型，大致可以分为三类：数值、日期/时间和字符串(字符)类型。

------

## 1、数值类型

MySQL 支持所有标准 SQL 数值数据类型。

这些类型包括严格数值数据类型(`INTEGER、SMALLINT、DECIMAL 和 NUMERIC`)，以及近似数值数据类型(`FLOAT、REAL 和 DOUBLE PRECISION`)。

关键字INT是INTEGER的同义词，关键字DEC是DECIMAL的同义词。

BIT数据类型保存位字段值，并且支持 MyISAM、MEMORY、InnoDB 和 BDB表。

作为 SQL 标准的扩展，MySQL 也支持整数类型 TINYINT、MEDIUMINT 和 BIGINT。下面的表显示了需要的每个整数类型的存储和范围。

| 类型         | 大小                                     | 范围（有符号）                                               | 范围（无符号）                                               | 用途            |
| :----------- | :--------------------------------------- | :----------------------------------------------------------- | :----------------------------------------------------------- | :-------------- |
| TINYINT      | 1 Bytes                                  | (-128，127)                                                  | (0，255)                                                     | 小整数值        |
| SMALLINT     | 2 Bytes                                  | (-32 768，32 767)                                            | (0，65 535)                                                  | 大整数值        |
| MEDIUMINT    | 3 Bytes                                  | (-8 388 608，8 388 607)                                      | (0，16 777 215)                                              | 大整数值        |
| INT或INTEGER | 4 Bytes                                  | (-2 147 483 648，2 147 483 647)                              | (0，4 294 967 295)                                           | 大整数值        |
| BIGINT       | 8 Bytes                                  | (-9,223,372,036,854,775,808，9 223 372 036 854 775 807)      | (0，18 446 744 073 709 551 615)                              | 极大整数值      |
| FLOAT        | 4 Bytes                                  | (-3.402 823 466 E+38，-1.175 494 351 E-38)，0，(1.175 494 351 E-38，3.402 823 466 351 E+38) | 0，(1.175 494 351 E-38，3.402 823 466 E+38)                  | 单精度 浮点数值 |
| DOUBLE       | 8 Bytes                                  | (-1.797 693 134 862 315 7 E+308，-2.225 073 858 507 201 4 E-308)，0，(2.225 073 858 507 201 4 E-308，1.797 693 134 862 315 7 E+308) | 0，(2.225 073 858 507 201 4 E-308，1.797 693 134 862 315 7 E+308) | 双精度 浮点数值 |
| DECIMAL      | 对DECIMAL(M,D) ，如果M>D，为M+2否则为D+2 | 依赖于M和D的值                                               | 依赖于M和D的值                                               | 小数值          |

------

## 2、日期和时间类型

表示时间值的日期和时间类型为`DATETIME、DATE、TIMESTAMP、TIME和YEAR`。

每个时间类型有一个有效值范围和一个"零"值，当指定不合法的MySQL不能表示的值时使用"零"值。

TIMESTAMP类型有专有的自动更新特性，将在后面描述。

| 类型      | 大小 ( bytes) | 范围                                                         | 格式                | 用途                     |
| :-------- | :------------ | :----------------------------------------------------------- | :------------------ | :----------------------- |
| DATE      | 3             | 1000-01-01/9999-12-31                                        | YYYY-MM-DD          | 日期值                   |
| TIME      | 3             | '-838:59:59'/'838:59:59'                                     | HH:MM:SS            | 时间值或持续时间         |
| YEAR      | 1             | 1901/2155                                                    | YYYY                | 年份值                   |
| DATETIME  | 8             | 1000-01-01 00:00:00/9999-12-31 23:59:59                      | YYYY-MM-DD HH:MM:SS | 混合日期和时间值         |
| TIMESTAMP | 4             | 1970-01-01 00:00:00/2038结束时间是第 **2147483647** 秒，北京时间 **2038-1-19 11:14:07**，格林尼治时间 2038年1月19日 凌晨 03:14:07 | YYYYMMDD HHMMSS     | 混合日期和时间值，时间戳 |

------

## 3、字符串类型

字符串类型指`CHAR、VARCHAR、BINARY、VARBINARY、BLOB、TEXT、ENUM和SET`。该节描述了这些类型如何工作以及如何在查询中使用这些类型。

| 类型       | 大小                  | 用途                            |
| :--------- | :-------------------- | :------------------------------ |
| CHAR       | 0-255 bytes           | 定长字符串                      |
| VARCHAR    | 0-65535 bytes         | 变长字符串                      |
| TINYBLOB   | 0-255 bytes           | 不超过 255 个字符的二进制字符串 |
| TINYTEXT   | 0-255 bytes           | 短文本字符串                    |
| BLOB       | 0-65 535 bytes        | 二进制形式的长文本数据          |
| TEXT       | 0-65 535 bytes        | 长文本数据                      |
| MEDIUMBLOB | 0-16 777 215 bytes    | 二进制形式的中等长度文本数据    |
| MEDIUMTEXT | 0-16 777 215 bytes    | 中等长度文本数据                |
| LONGBLOB   | 0-4 294 967 295 bytes | 二进制形式的极大文本数据        |
| LONGTEXT   | 0-4 294 967 295 bytes | 极大文本数据                    |

**注意**：char(n) 和 varchar(n) 中括号中 n 代表字符的个数，并不代表字节个数，比如 CHAR(30) 就可以存储 30 个字符。

CHAR 和 VARCHAR 类型类似，但它们保存和检索的方式不同。它们的最大长度和是否尾部空格被保留等方面也不同。在存储或检索过程中不进行大小写转换。

BINARY 和 VARBINARY 类似于 CHAR 和 VARCHAR，不同的是它们包含二进制字符串而不要非二进制字符串。也就是说，它们包含字节字符串而不是字符字符串。这说明它们没有字符集，并且排序和比较基于列值字节的数值值。

BLOB 是一个二进制大对象，可以容纳可变数量的数据。有 4 种 BLOB 类型：TINYBLOB、BLOB、MEDIUMBLOB 和 LONGBLOB。它们区别在于可容纳存储范围不同。

有 4 种 TEXT 类型：TINYTEXT、TEXT、MEDIUMTEXT 和 LONGTEXT。对应的这 4 种 BLOB 类型，可存储的最大长度不同，可根据实际情况选择。

# 六、数据库表操作

## 1、创建表

创建MySQL数据表需要以下信息：

- 表名
- 表字段名
- 定义每个表字段

语法

以下为创建MySQL数据表的SQL通用语法：

```sql
CREATE TABLE table_name (column_name column_type);
```

示例：

```sql
DROP TABLE IF EXISTS admin;
CREATE TABLE admin (
  id int(11) NOT NULL AUTO_INCREMENT COMMENT '主键',
  name varchar(255) DEFAULT NULL COMMENT '账号',
  password varchar(255) DEFAULT NULL COMMENT '密码',
  PRIMARY KEY (id)
) ENGINE=InnoDB AUTO_INCREMENT=1000 DEFAULT CHARSET=utf8 COMMENT='管理员';
```



## 2、删除表

MySQL中删除数据表是非常容易操作的，但是你在进行删除表操作时要非常小心，因为执行删除命令后所有数据都会消失。

语法

以下为删除MySQL数据表的通用语法：

```sql
DROP TABLE table_name ;
```

示例：

```sql
DROP TABLE IF EXISTS admin;# IF EXISTS存在即删
```



------

在命令提示窗口中删除数据表

在mysql>命令提示窗口中删除数据表SQL语句为 **DROP TABLE** ：

实例

以下实例删除了数据表runoob_tbl:

```sh
root@host# mysql -u root -p
Enter password:*******
mysql> use RUNOOB;
Database changed
mysql> DROP TABLE runoob_tbl;
Query OK, 0 rows affected (0.8 sec)
mysql>
```

## 3、插入语句

MySQL 表中使用 **INSERT INTO** SQL语句来插入数据。

你可以通过 mysql> 命令提示窗口中向数据表中插入数据，或者通过PHP脚本来插入数据。

语法

以下为向MySQL数据表插入数据通用的 **INSERT INTO** SQL语法：

```sql
INSERT INTO table_name ( field1, field2,...fieldN )
                       VALUES
                       ( value1, value2,...valueN );
```

## 4、更新语句

如果我们需要修改或更新 MySQL 中的数据，我们可以使用 SQL UPDATE 命令来操作。

语法

以下是 UPDATE 命令修改 MySQL 数据表数据的通用 SQL 语法：

```sql
UPDATE table_name SET field1=new-value1, field2=new-value2
[WHERE Clause]
```

- 你可以同时更新一个或多个字段。
- 你可以在 WHERE 子句中指定任何条件。
- 你可以在一个单独表中同时更新数据。

当你需要更新数据表中指定行的数据时 WHERE 子句是非常有用的。

## 5、删除语句

你可以使用 SQL 的 DELETE FROM 命令来删除 MySQL 数据表中的记录。

你可以在 **mysql>** 命令提示符或 PHP 脚本中执行该命令。

语法

以下是 SQL DELETE 语句从 MySQL 数据表中删除数据的通用语法：

```sql
DELETE FROM table_name [WHERE Clause]
```

- 如果没有指定 WHERE 子句，MySQL 表中的所有记录将被删除。
- 你可以在 WHERE 子句中指定任何条件
- 您可以在单个表中一次性删除记录。

当你想删除数据表中指定的记录时 WHERE 子句是非常有用的。

## 6、LIKE 子句

我们知道在 MySQL 中使用 SQL SELECT 命令来读取数据， 同时我们可以在 SELECT 语句中使用 WHERE 子句来获取指定的记录。

WHERE 子句中可以使用等号 **=** 来设定获取数据的条件，如 "runoob_author = 'RUNOOB.COM'"。

但是有时候我们需要获取 runoob_author 字段含有 "COM" 字符的所有记录，这时我们就需要在 WHERE 子句中使用 SQL LIKE 子句。

SQL LIKE 子句中使用百分号 **%**字符来表示任意字符，类似于UNIX或正则表达式中的星号 *****。

如果没有使用百分号 **%**, LIKE 子句与等号 **=** 的效果是一样的。

语法

以下是 SQL SELECT 语句使用 LIKE 子句从数据表中读取数据的通用语法：

```sql
SELECT field1, field2,...fieldN 
FROM table_name
WHERE field1 LIKE condition1 [AND [OR]] filed2 = 'somevalue'
```

- 你可以在 WHERE 子句中指定任何条件。
- 你可以在 WHERE 子句中使用LIKE子句。
- 你可以使用LIKE子句代替等号 **=**。
- LIKE 通常与 **%** 一同使用，类似于一个元字符的搜索。
- 你可以使用 AND 或者 OR 指定一个或多个条件。
- 你可以在 DELETE 或 UPDATE 命令中使用 WHERE...LIKE 子句来指定条件
- 如果查询字段中包含通配符，则需要使用反斜线 `\` 进行转义操作，例如：`'abc\_%'` 表示查询``'abc_'``开头的所有字段

## 7、UNION 操作符

本教程为大家介绍 MySQL UNION 操作符的语法和实例。

描述

MySQL UNION 操作符用于连接两个以上的 SELECT 语句的结果组合到一个结果集合中。多个 SELECT 语句会删除重复的数据。

语法

MySQL UNION 操作符语法格式：

```sql
SELECT expression1, expression2, ... expression_n
FROM tables
[WHERE conditions]
UNION [ALL | DISTINCT]
SELECT expression1, expression2, ... expression_n
FROM tables
[WHERE conditions];
```

参数

> - **expression1, expression2, ... expression_n**: 要检索的列。
> - **tables:** 要检索的数据表。
> - **WHERE conditions:** 可选， 检索条件。
> - **DISTINCT:** 可选，删除结果集中重复的数据。默认情况下 UNION 操作符已经删除了重复数据，所以 DISTINCT 修饰符对结果没啥影响。
> - **ALL:** 可选，返回所有结果集，包含重复数据。
>

------

演示数据库

在本教程中，我们将使用 RUNOOB 样本数据库。

下面是选自 "Websites" 表的数据：

```sql
mysql> SELECT * FROM Websites;
+----+--------------+---------------------------+-------+---------+
| id | name         | url                       | alexa | country |
+----+--------------+---------------------------+-------+---------+
| 1  | Google       | https://www.google.cm/    | 1     | USA     |
| 2  | 淘宝          | https://www.taobao.com/   | 13    | CN      |
| 3  | 菜鸟教程      | http://www.runoob.com/    | 4689  | CN      |
| 4  | 微博          | http://weibo.com/         | 20    | CN      |
| 5  | Facebook     | https://www.facebook.com/ | 3     | USA     |
| 7  | stackoverflow | http://stackoverflow.com/ |   0 | IND     |
+----+---------------+---------------------------+-------+---------+
```

下面是 "apps" APP 的数据：

```sql
mysql> SELECT * FROM apps;
+----+------------+-------------------------+---------+
| id | app_name   | url                     | country |
+----+------------+-------------------------+---------+
|  1 | QQ APP     | http://im.qq.com/       | CN      |
|  2 | 微博 APP | http://weibo.com/       | CN      |
|  3 | 淘宝 APP | https://www.taobao.com/ | CN      |
+----+------------+-------------------------+---------+
3 rows in set (0.00 sec)
```



------

SQL UNION 实例

下面的 SQL 语句从 "Websites" 和 "apps" 表中选取所有**不同的**country（只有不同的值）：

实例

```sql
SELECT country FROM Websites
UNION
SELECT country FROM apps
ORDER BY country;
```

执行以上 SQL 输出结果如下：

![img](https://www.runoob.com/wp-content/uploads/2013/09/union1.jpg)

**注释：**UNION 不能用于列出两个表中所有的country。如果一些网站和APP来自同一个国家，每个国家只会列出一次。UNION 只会选取不同的值。请使用 UNION ALL 来选取重复的值！

------

SQL UNION ALL 实例

下面的 SQL 语句使用 UNION ALL 从 "Websites" 和 "apps" 表中选取**所有的**country（也有重复的值）：

实例

```sql
SELECT country FROM Websites
UNION ALL
SELECT country FROM apps
ORDER BY country;
```

执行以上 SQL 输出结果如下：

![img](https://www.runoob.com/wp-content/uploads/2013/09/union2.jpg)



------

带有 WHERE 的 SQL UNION ALL

下面的 SQL 语句使用 UNION ALL 从 "Websites" 和 "apps" 表中选取**所有的**中国(CN)的数据（也有重复的值）：

实例

```sql
SELECT country, name FROM Websites
WHERE country='CN'
UNION ALL
SELECT country, app_name FROM apps
WHERE country='CN'
ORDER BY country;
```

执行以上 SQL 输出结果如下：

![img](https://www.runoob.com/wp-content/uploads/2013/09/AAA99C7B-36A5-43FB-B489-F8CE63B62C71.jpg)

## 8、MySQL 排序

我们知道从 MySQL 表中使用 SQL SELECT 语句来读取数据。

如果我们需要对读取的数据进行排序，我们就可以使用 MySQL 的 **ORDER BY** 子句来设定你想按哪个字段哪种方式来进行排序，再返回搜索结果。

语法

以下是 SQL SELECT 语句使用 ORDER BY 子句将查询数据排序后再返回数据：

```sql
SELECT field1, field2,...fieldN FROM table_name1, table_name2...
ORDER BY field1 [ASC [DESC][默认 ASC]], [field2...] [ASC [DESC][默认 ASC]]
```

- 你可以使用任何字段来作为排序的条件，从而返回排序后的查询结果。
- 你可以设定多个字段来排序。
- 你可以使用 ASC 或 DESC 关键字来设置查询结果是按升序或降序排列。 `默认情况下，它是按升序排列`。
- 你可以添加 WHERE...LIKE 子句来设置条件。

## 9、GROUP BY 语句

GROUP BY 语句根据一个或多个列对结果集进行分组。

在分组的列上我们可以使用 COUNT, SUM, AVG,等函数。

GROUP BY 语法

```sql
SELECT column_name, function(column_name)
FROM table_name
WHERE column_name operator value
GROUP BY column_name;
```

使用 WITH ROLLUP

WITH ROLLUP 可以实现在分组统计数据基础上再进行相同的统计（SUM,AVG,COUNT…）。

例如我们将以上的数据表按名字进行分组，再统计每个人登录的次数：

```
mysql> SELECT name, SUM(signin) as signin_count FROM  employee_tbl GROUP BY name WITH ROLLUP;
+--------+--------------+
| name   | signin_count |
+--------+--------------+
| 小丽 |            2 |
| 小明 |            7 |
| 小王 |            7 |
| NULL   |           16 |
+--------+--------------+
4 rows in set (0.00 sec)
```

其中记录 NULL 表示所有人的登录次数。

我们可以使用 coalesce 来设置一个可以取代 NUll 的名称，coalesce 语法：

```
select coalesce(a,b,c);
```

参数说明：如果a==null,则选择b；如果b==null,则选择c；如果a!=null,则选择a；如果a b c 都为null ，则返回为null（没意义）。

以下实例中如果名字为空我们使用总数代替：

```
mysql> SELECT coalesce(name, '总数'), SUM(signin) as signin_count FROM  employee_tbl GROUP BY name WITH ROLLUP;
+--------------------------+--------------+
| coalesce(name, '总数') | signin_count |
+--------------------------+--------------+
| 小丽                   |            2 |
| 小明                   |            7 |
| 小王                   |            7 |
| 总数                   |           16 |
+--------------------------+--------------+
4 rows in set (0.01 sec)
```

# 七、MySQL 连接的使用

在前几章节中，我们已经学会了如何在一张表中读取数据，这是相对简单的，但是在真正的应用中经常需要从多个数据表中读取数据。

本章节我们将向大家介绍如何使用 MySQL 的 JOIN 在两个或多个表中查询数据。

你可以在 SELECT, UPDATE 和 DELETE 语句中使用 Mysql 的 JOIN 来联合多表查询。

JOIN 按照功能大致分为如下三类：

- **INNER JOIN（内连接,或等值连接）**：获取两个表中字段匹配关系的记录。
- **LEFT JOIN（左连接）：**获取左表所有记录，即使右表没有对应匹配的记录。
- **RIGHT JOIN（右连接）：** 与 LEFT JOIN 相反，用于获取右表所有记录，即使左表没有对应匹配的记录。

本章节使用的数据库结构及数据下载：[runoob-mysql-join-test.sql](https://static.runoob.com/download/runoob-mysql-join-test.sql)。

------

## 1、在命令提示符中使用 INNER JOIN

我们在RUNOOB数据库中有两张表 tcount_tbl 和 runoob_tbl。两张数据表数据如下：

实例

尝试以下实例：

```sql
mysql> use RUNOOB;
Database changed
mysql> SELECT * FROM tcount_tbl;
+---------------+--------------+
| runoob_author | runoob_count |
+---------------+--------------+
| 菜鸟教程  | 10           |
| RUNOOB.COM    | 20           |
| Google        | 22           |
+---------------+--------------+
3 rows in set (0.01 sec)
 
mysql> SELECT * from runoob_tbl;
+-----------+---------------+---------------+-----------------+
| runoob_id | runoob_title  | runoob_author | submission_date |
+-----------+---------------+---------------+-----------------+
| 1         | 学习 PHP    | 菜鸟教程  | 2017-04-12      |
| 2         | 学习 MySQL  | 菜鸟教程  | 2017-04-12      |
| 3         | 学习 Java   | RUNOOB.COM    | 2015-05-01      |
| 4         | 学习 Python | RUNOOB.COM    | 2016-03-06      |
| 5         | 学习 C      | FK            | 2017-04-05      |
+-----------+---------------+---------------+-----------------+
5 rows in set (0.01 sec)
```

接下来我们就使用MySQL的**INNER JOIN(也可以省略 INNER 使用 JOIN，效果一样)**来连接以上两张表来读取runoob_tbl表中所有runoob_author字段在tcount_tbl表对应的runoob_count字段值：

```sql
mysql> SELECT a.runoob_id, a.runoob_author, b.runoob_count FROM runoob_tbl a INNER JOIN tcount_tbl b ON a.runoob_author = b.runoob_author;
+-------------+-----------------+----------------+
| a.runoob_id | a.runoob_author | b.runoob_count |
+-------------+-----------------+----------------+
| 1           | 菜鸟教程    | 10             |
| 2           | 菜鸟教程    | 10             |
| 3           | RUNOOB.COM      | 20             |
| 4           | RUNOOB.COM      | 20             |
+-------------+-----------------+----------------+
4 rows in set (0.00 sec)
```

以上 SQL 语句等价于：

**WHERE 子句**

```sql
mysql> SELECT a.runoob_id, a.runoob_author, b.runoob_count FROM runoob_tbl a, tcount_tbl b WHERE a.runoob_author = b.runoob_author;
+-------------+-----------------+----------------+
| a.runoob_id | a.runoob_author | b.runoob_count |
+-------------+-----------------+----------------+
| 1           | 菜鸟教程    | 10             |
| 2           | 菜鸟教程    | 10             |
| 3           | RUNOOB.COM      | 20             |
| 4           | RUNOOB.COM      | 20             |
+-------------+-----------------+----------------+
4 rows in set (0.01 sec)
```

![img](image/img_innerjoin.gif)

------

## 2、LEFT JOIN

MySQL left join 与 join 有所不同。 MySQL LEFT JOIN 会读取左边数据表的全部数据，即便右边表无对应数据。

实例

尝试以下实例，以 **runoob_tbl** 为左表，**tcount_tbl** 为右表，理解 MySQL LEFT JOIN 的应用：

```sql
mysql> SELECT a.runoob_id, a.runoob_author, b.runoob_count FROM runoob_tbl a LEFT JOIN tcount_tbl b ON a.runoob_author = b.runoob_author;
+-------------+-----------------+----------------+
| a.runoob_id | a.runoob_author | b.runoob_count |
+-------------+-----------------+----------------+
| 1           | 菜鸟教程    | 10             |
| 2           | 菜鸟教程    | 10             |
| 3           | RUNOOB.COM      | 20             |
| 4           | RUNOOB.COM      | 20             |
| 5           | FK              | NULL           |
+-------------+-----------------+----------------+
5 rows in set (0.01 sec)
```

以上实例中使用了 LEFT JOIN，该语句会读取左边的数据表 runoob_tbl 的所有选取的字段数据，即便在右侧表 tcount_tbl中 没有对应的 runoob_author 字段值。

![img](image/img_leftjoin.gif)

------

## 3、RIGHT JOIN

MySQL RIGHT JOIN 会读取右边数据表的全部数据，即便左边边表无对应数据。

实例

尝试以下实例，以 **runoob_tbl** 为左表，**tcount_tbl** 为右表，理解MySQL RIGHT JOIN的应用：

```sql
mysql> SELECT a.runoob_id, a.runoob_author, b.runoob_count FROM runoob_tbl a RIGHT JOIN tcount_tbl b ON a.runoob_author = b.runoob_author;
+-------------+-----------------+----------------+
| a.runoob_id | a.runoob_author | b.runoob_count |
+-------------+-----------------+----------------+
| 1           | 菜鸟教程    | 10             |
| 2           | 菜鸟教程    | 10             |
| 3           | RUNOOB.COM      | 20             |
| 4           | RUNOOB.COM      | 20             |
| NULL        | NULL            | 22             |
+-------------+-----------------+----------------+
5 rows in set (0.01 sec)
```

以上实例中使用了 RIGHT JOIN，该语句会读取右边的数据表 tcount_tbl 的所有选取的字段数据，即便在左侧表 runoob_tbl 中没有对应的runoob_author 字段值。

![img](image/img_rightjoin.gif)

# 八、NULL 值处理

我们已经知道 MySQL 使用 SQL SELECT 命令及 WHERE 子句来读取数据表中的数据,但是当提供的查询条件字段为 NULL 时，该命令可能就无法正常工作。

为了处理这种情况，MySQL提供了三大运算符:

- **IS NULL:** 当列的值是 NULL,此运算符返回 true。
- **IS NOT NULL:** 当列的值不为 NULL, 运算符返回 true。
- **<=>:** 比较操作符（不同于 = 运算符），当比较的的两个值相等或者都为 NULL 时返回 true。

关于 NULL 的条件比较运算是比较特殊的。你不能使用 = NULL 或 != NULL 在列中查找 NULL 值 。

在 MySQL 中，NULL 值与任何其它值的比较（即使是 NULL）永远返回 NULL，即 NULL = NULL 返回 NULL 。

MySQL 中处理 NULL 使用 IS NULL 和 IS NOT NULL 运算符。

> **注意：**
>
> ```
> select * , columnName1+ifnull(columnName2,0) from tableName;
> ```
>
> columnName1，columnName2 为 int 型，当 columnName2 中，有值为 null 时，columnName1+columnName2=null， ifnull(columnName2,0) 把 columnName2 中 null 值转为 0。

# 九、MySQL 事务

MySQL 事务主要用于处理操作量大，复杂度高的数据。比如说，在人员管理系统中，你删除一个人员，你既需要删除人员的基本资料，也要删除和该人员相关的信息，如信箱，文章等等，这样，这些数据库操作语句就构成一个事务！

- 在 MySQL 中只有使用了 Innodb 数据库引擎的数据库或表才支持事务。
- 事务处理可以用来维护数据库的完整性，保证成批的 SQL 语句要么全部执行，要么全部不执行。
- 事务用来管理 insert,update,delete 语句

一般来说，事务是必须满足4个条件（ACID）：：原子性（**A**tomicity，或称不可分割性）、一致性（**C**onsistency）、隔离性（**I**solation，又称独立性）、持久性（**D**urability）。

- **原子性：**一个事务（transaction）中的所有操作，要么全部完成，要么全部不完成，不会结束在中间某个环节。事务在执行过程中发生错误，会被回滚（Rollback）到事务开始前的状态，就像这个事务从来没有执行过一样。
- **一致性：**在事务开始之前和事务结束以后，数据库的完整性没有被破坏。这表示写入的资料必须完全符合所有的预设规则，这包含资料的精确度、串联性以及后续数据库可以自发性地完成预定的工作。
- **隔离性：**数据库允许多个并发事务同时对其数据进行读写和修改的能力，隔离性可以防止多个事务并发执行时由于交叉执行而导致数据的不一致。事务隔离分为不同级别，包括读未提交（Read uncommitted）、读提交（read committed）、可重复读（repeatable read）和串行化（Serializable）。
- **持久性：**事务处理结束后，对数据的修改就是永久的，即便系统故障也不会丢失。

> 在 MySQL 命令行的默认设置下，事务都是自动提交的，即执行 SQL 语句后就会马上执行 COMMIT 操作。因此要显式地开启一个事务务须使用命令 BEGIN 或 START TRANSACTION，或者执行命令 SET AUTOCOMMIT=0，用来禁止使用当前会话的自动提交。

事务控制语句：

- BEGIN 或 START TRANSACTION 显式地开启一个事务；
- COMMIT 也可以使用 COMMIT WORK，不过二者是等价的。COMMIT 会提交事务，并使已对数据库进行的所有修改成为永久性的；
- ROLLBACK 也可以使用 ROLLBACK WORK，不过二者是等价的。回滚会结束用户的事务，并撤销正在进行的所有未提交的修改；
- SAVEPOINT identifier，SAVEPOINT 允许在事务中创建一个保存点，一个事务中可以有多个 SAVEPOINT；
- RELEASE SAVEPOINT identifier 删除一个事务的保存点，当没有指定的保存点时，执行该语句会抛出一个异常；
- ROLLBACK TO identifier 把事务回滚到标记点；
- SET TRANSACTION 用来设置事务的隔离级别。InnoDB 存储引擎提供事务的隔离级别有READ UNCOMMITTED、READ COMMITTED、REPEATABLE READ 和 SERIALIZABLE。

MYSQL 事务处理主要有两种方法：

1、用 BEGIN, ROLLBACK, COMMIT来实现

- **BEGIN** 开始一个事务
- **ROLLBACK** 事务回滚
- **COMMIT** 事务确认

2、直接用 SET 来改变 MySQL 的自动提交模式:

- **SET AUTOCOMMIT=0** 禁止自动提交
- **SET AUTOCOMMIT=1** 开启自动提交

# 十、ALTER命令

当我们需要修改数据表名或者修改数据表字段时，就需要使用到MySQL ALTER命令。

开始本章教程前让我们先创建一张表，表名为：testalter_tbl。

```sql
root@host# mysql -u root -p password;
Enter password:*******
mysql> use RUNOOB;
Database changed
mysql> create table testalter_tbl
    -> (
    -> i INT,
    -> c CHAR(1)
    -> );
Query OK, 0 rows affected (0.05 sec)
mysql> SHOW COLUMNS FROM testalter_tbl;
+-------+---------+------+-----+---------+-------+
| Field | Type    | Null | Key | Default | Extra |
+-------+---------+------+-----+---------+-------+
| i     | int(11) | YES  |     | NULL    |       |
| c     | char(1) | YES  |     | NULL    |       |
+-------+---------+------+-----+---------+-------+
2 rows in set (0.00 sec)
```

------

## 1、删除，添加或修改表字段

如下命令使用了 ALTER 命令及 DROP 子句来删除以上创建表的 i 字段：

```sql
mysql> ALTER TABLE testalter_tbl  DROP i;
```

如果数据表中只剩余一个字段则无法使用DROP来删除字段。

MySQL 中使用 ADD 子句来向数据表中添加列，如下实例在表 testalter_tbl 中添加 i 字段，并定义数据类型:

```sql
mysql> ALTER TABLE testalter_tbl ADD i INT;
```

执行以上命令后，i 字段会自动添加到数据表字段的末尾。

```sql
mysql> SHOW COLUMNS FROM testalter_tbl;
+-------+---------+------+-----+---------+-------+
| Field | Type    | Null | Key | Default | Extra |
+-------+---------+------+-----+---------+-------+
| c     | char(1) | YES  |     | NULL    |       |
| i     | int(11) | YES  |     | NULL    |       |
+-------+---------+------+-----+---------+-------+
2 rows in set (0.00 sec)
```

如果你需要指定新增字段的位置，可以使用MySQL提供的关键字 FIRST (设定位第一列)， AFTER 字段名（设定位于某个字段之后）。

尝试以下 ALTER TABLE 语句, 在执行成功后，使用 SHOW COLUMNS 查看表结构的变化：

```sql
ALTER TABLE testalter_tbl DROP i;
ALTER TABLE testalter_tbl ADD i INT FIRST;
ALTER TABLE testalter_tbl DROP i;
ALTER TABLE testalter_tbl ADD i INT AFTER c;
```

FIRST 和 AFTER 关键字可用于 ADD 与 MODIFY 子句，所以如果你想重置数据表字段的位置就需要先使用 DROP 删除字段然后使用 ADD 来添加字段并设置位置。

------

## 2、修改字段类型及名称

如果需要修改字段类型及名称, 你可以在ALTER命令中使用 MODIFY 或 CHANGE 子句 。

例如，把字段 c 的类型从 CHAR(1) 改为 CHAR(10)，可以执行以下命令:

```sql
mysql> ALTER TABLE testalter_tbl MODIFY c CHAR(10);
```

使用 CHANGE 子句, 语法有很大的不同。 在 CHANGE 关键字之后，紧跟着的是你要修改的字段名，然后指定新字段名及类型。尝试如下实例：

```sql
mysql> ALTER TABLE testalter_tbl CHANGE i j BIGINT;
mysql> ALTER TABLE testalter_tbl CHANGE j j INT;
```

------

## 3、ALTER TABLE 对 Null 值和默认值的影响

当你修改字段时，你可以指定是否包含值或者是否设置默认值。

以下实例，指定字段 j 为 NOT NULL 且默认值为100 。

```sql
mysql> ALTER TABLE testalter_tbl 
    -> MODIFY j BIGINT NOT NULL DEFAULT 100;
```

如果你不设置默认值，MySQL会自动设置该字段默认为 NULL。

------

## 4、修改字段默认值

你可以使用 ALTER 来修改字段的默认值，尝试以下实例：

```sql
mysql> ALTER TABLE testalter_tbl ALTER i SET DEFAULT 1000;
mysql> SHOW COLUMNS FROM testalter_tbl;
+-------+---------+------+-----+---------+-------+
| Field | Type    | Null | Key | Default | Extra |
+-------+---------+------+-----+---------+-------+
| c     | char(1) | YES  |     | NULL    |       |
| i     | int(11) | YES  |     | 1000    |       |
+-------+---------+------+-----+---------+-------+
2 rows in set (0.00 sec)
```

你也可以使用 ALTER 命令及 DROP子句来删除字段的默认值，如下实例：

```sql
mysql> ALTER TABLE testalter_tbl ALTER i DROP DEFAULT;
mysql> SHOW COLUMNS FROM testalter_tbl;
+-------+---------+------+-----+---------+-------+
| Field | Type    | Null | Key | Default | Extra |
+-------+---------+------+-----+---------+-------+
| c     | char(1) | YES  |     | NULL    |       |
| i     | int(11) | YES  |     | NULL    |       |
+-------+---------+------+-----+---------+-------+
2 rows in set (0.00 sec)
Changing a Table Type:
```

修改数据表类型，可以使用 ALTER 命令及 TYPE 子句来完成。尝试以下实例，我们将表 testalter_tbl 的类型修改为 MYISAM ：

**注意：**查看数据表类型可以使用 SHOW TABLE STATUS 语句。

```sql
mysql> ALTER TABLE testalter_tbl ENGINE = MYISAM;
mysql>  SHOW TABLE STATUS LIKE 'testalter_tbl'\G
*************************** 1. row ****************
           Name: testalter_tbl
           Type: MyISAM
     Row_format: Fixed
           Rows: 0
 Avg_row_length: 0
    Data_length: 0
Max_data_length: 25769803775
   Index_length: 1024
      Data_free: 0
 Auto_increment: NULL
    Create_time: 2007-06-03 08:04:36
    Update_time: 2007-06-03 08:04:36
     Check_time: NULL
 Create_options:
        Comment:
1 row in set (0.00 sec)
```

------

## 5、修改表名

如果需要修改数据表的名称，可以在 ALTER TABLE 语句中使用 RENAME 子句来实现。

尝试以下实例将数据表 testalter_tbl 重命名为 alter_tbl：

```sql
mysql> ALTER TABLE testalter_tbl RENAME TO alter_tbl;
```

# 十一、MySQL 索引

MySQL索引的建立对于MySQL的高效运行是很重要的，索引可以大大提高MySQL的检索速度。

打个比方，如果合理的设计且使用索引的MySQL是一辆兰博基尼的话，那么没有设计和使用索引的MySQL就是一个人力三轮车。

拿汉语字典的目录页（索引）打比方，我们可以按拼音、笔画、偏旁部首等排序的目录（索引）快速查找到需要的字。

索引分单列索引和组合索引。单列索引，即一个索引只包含单个列，一个表可以有多个单列索引，但这不是组合索引。组合索引，即一个索引包含多个列。

创建索引时，你需要确保该索引是应用在 SQL 查询语句的条件(一般作为 WHERE 子句的条件)。

实际上，索引也是一张表，该表保存了主键与索引字段，并指向实体表的记录。

上面都在说使用索引的好处，但过多的使用索引将会造成滥用。因此索引也会有它的缺点：虽然索引大大提高了查询速度，同时却会降低更新表的速度，如对表进行INSERT、UPDATE和DELETE。因为更新表时，MySQL不仅要保存数据，还要保存一下索引文件。

建立索引会占用磁盘空间的索引文件。

------

## 1、普通索引

创建索引

这是最基本的索引，它没有任何限制。它有以下几种创建方式：

```sql
CREATE INDEX indexName ON table_name (column_name)
```

如果是CHAR，VARCHAR类型，length可以小于字段实际长度；如果是BLOB和TEXT类型，必须指定 length。

修改表结构(添加索引)

```sql
ALTER table tableName ADD INDEX indexName(columnName)
```

创建表的时候直接指定

```sql
CREATE TABLE mytable(  
 
ID INT NOT NULL,   
 
username VARCHAR(16) NOT NULL,  
 
INDEX [indexName] (username(length))  
 
);  
```

删除索引的语法

```sql
DROP INDEX [indexName] ON mytable; 
```

------

## 2、唯一索引

它与前面的普通索引类似，不同的就是：索引列的值必须唯一，但允许有空值。如果是组合索引，则列值的组合必须唯一。它有以下几种创建方式：

创建索引

```sql
CREATE UNIQUE INDEX indexName ON mytable(username(length)) 
```

修改表结构

```sql
ALTER table mytable ADD UNIQUE [indexName] (username(length))
```

创建表的时候直接指定

```sql
CREATE TABLE mytable(  
 
ID INT NOT NULL,   
 
username VARCHAR(16) NOT NULL,  
 
UNIQUE [indexName] (username(length))  
 
);  
```

------

## 3、使用ALTER 命令添加和删除索引

有四种方式来添加数据表的索引：

- ALTER TABLE tbl_name ADD PRIMARY KEY (column_list):

   

  该语句添加一个主键，这意味着索引值必须是唯一的，且不能为NULL。

  

- **ALTER TABLE tbl_name ADD UNIQUE index_name (column_list):** 这条语句创建索引的值必须是唯一的（除了NULL外，NULL可能会出现多次）。

- **ALTER TABLE tbl_name ADD INDEX index_name (column_list):** 添加普通索引，索引值可出现多次。

- **ALTER TABLE tbl_name ADD FULLTEXT index_name (column_list):**该语句指定了索引为 FULLTEXT ，用于全文索引。

以下实例为在表中添加索引。

```sql
mysql> ALTER TABLE testalter_tbl ADD INDEX (c);
```

你还可以在 ALTER 命令中使用 DROP 子句来删除索引。尝试以下实例删除索引:

```sql
mysql> ALTER TABLE testalter_tbl DROP INDEX c;
```

------

## 4、使用 ALTER 命令添加和删除主键

主键作用于列上（可以一个列或多个列联合主键），添加主键索引时，你需要确保该主键默认不为空（NOT NULL）。实例如下：

```sql
mysql> ALTER TABLE testalter_tbl MODIFY i INT NOT NULL;
mysql> ALTER TABLE testalter_tbl ADD PRIMARY KEY (i);
```

你也可以使用 ALTER 命令删除主键：

```sql
mysql> ALTER TABLE testalter_tbl DROP PRIMARY KEY;
```

删除主键时只需指定PRIMARY KEY，但在删除索引时，你必须知道索引名。

------

## 5、显示索引信息

你可以使用 SHOW INDEX 命令来列出表中的相关的索引信息。可以通过添加 \G 来格式化输出信息。

尝试以下实例:

```sql
mysql> SHOW INDEX FROM table_name\G
........
```

# 十二、MySQL 函数

MySQL 有很多内置的函数，以下列出了这些函数的说明。

------

## 1、MySQL 字符串函数

| 函数                                  | 描述                                                         | 实例                                                         |
| :------------------------------------ | :----------------------------------------------------------- | :----------------------------------------------------------- |
| ASCII(s)                              | 返回字符串 s 的第一个字符的 ASCII 码。                       | 返回 CustomerName 字段第一个字母的 ASCII 码：`SELECT ASCII(CustomerName) AS NumCodeOfFirstChar FROM Customers;` |
| CHAR_LENGTH(s)                        | 返回字符串 s 的字符数                                        | 返回字符串 RUNOOB 的字符数`SELECT CHAR_LENGTH("RUNOOB") AS LengthOfString;` |
| CHARACTER_LENGTH(s)                   | 返回字符串 s 的字符数                                        | 返回字符串 RUNOOB 的字符数`SELECT CHARACTER_LENGTH("RUNOOB") AS LengthOfString;` |
| CONCAT(s1,s2...sn)                    | 字符串 s1,s2 等多个字符串合并为一个字符串                    | 合并多个字符串`SELECT CONCAT("SQL ", "Runoob ", "Gooogle ", "Facebook") AS ConcatenatedString;` |
| CONCAT_WS(x, s1,s2...sn)              | 同 CONCAT(s1,s2,...) 函数，但是每个字符串之间要加上 x，x 可以是分隔符 | 合并多个字符串，并添加分隔符：`SELECT CONCAT_WS("-", "SQL", "Tutorial", "is", "fun!")AS ConcatenatedString;` |
| FIELD(s,s1,s2...)                     | 返回第一个字符串 s 在字符串列表(s1,s2...)中的位置            | 返回字符串 c 在列表值中的位置：`SELECT FIELD("c", "a", "b", "c", "d", "e");` |
| FIND_IN_SET(s1,s2)                    | 返回在字符串s2中与s1匹配的字符串的位置                       | 返回字符串 c 在指定字符串中的位置：`SELECT FIND_IN_SET("c", "a,b,c,d,e");` |
| FORMAT(x,n)                           | 函数可以将数字 x 进行格式化 "#,###.##", 将 x 保留到小数点后 n 位，最后一位四舍五入。 | 格式化数字 "#,###.##" 形式：`SELECT FORMAT(250500.5634, 2);     -- 输出 250,500.56` |
| INSERT(s1,x,len,s2)                   | 字符串 s2 替换 s1 的 x 位置开始长度为 len 的字符串           | 从字符串第一个位置开始的 6 个字符替换为 runoob：`SELECT INSERT("google.com", 1, 6, "runoob");  -- 输出：runoob.com` |
| LOCATE(s1,s)                          | 从字符串 s 中获取 s1 的开始位置                              | 获取 b 在字符串 abc 中的位置：`SELECT LOCATE('st','myteststring');  -- 5`返回字符串 abc 中 b 的位置：`SELECT LOCATE('b', 'abc') -- 2` |
| LCASE(s)                              | 将字符串 s 的所有字母变成小写字母                            | 字符串 RUNOOB 转换为小写：`SELECT LCASE('RUNOOB') -- runoob` |
| LEFT(s,n)                             | 返回字符串 s 的前 n 个字符                                   | 返回字符串 runoob 中的前两个字符：`SELECT LEFT('runoob',2) -- ru` |
| LOWER(s)                              | 将字符串 s 的所有字母变成小写字母                            | 字符串 RUNOOB 转换为小写：`SELECT LOWER('RUNOOB') -- runoob` |
| LPAD(s1,len,s2)                       | 在字符串 s1 的开始处填充字符串 s2，使字符串长度达到 len      | 将字符串 xx 填充到 abc 字符串的开始处：`SELECT LPAD('abc',5,'xx') -- xxabc` |
| LTRIM(s)                              | 去掉字符串 s 开始处的空格                                    | 去掉字符串 RUNOOB开始处的空格：`SELECT LTRIM("    RUNOOB") AS LeftTrimmedString;-- RUNOOB` |
| MID(s,n,len)                          | 从字符串 s 的 n 位置截取长度为 len 的子字符串，同 SUBSTRING(s,n,len) | 从字符串 RUNOOB 中的第 2 个位置截取 3个 字符：`SELECT MID("RUNOOB", 2, 3) AS ExtractString; -- UNO` |
| POSITION(s1 IN s)                     | 从字符串 s 中获取 s1 的开始位置                              | 返回字符串 abc 中 b 的位置：`SELECT POSITION('b' in 'abc') -- 2` |
| REPEAT(s,n)                           | 将字符串 s 重复 n 次                                         | 将字符串 runoob 重复三次：`SELECT REPEAT('runoob',3) -- runoobrunoobrunoob` |
| REPLACE(s,s1,s2)                      | 将字符串 s2 替代字符串 s 中的字符串 s1                       | 将字符串 abc 中的字符 a 替换为字符 x：`SELECT REPLACE('abc','a','x') --xbc` |
| REVERSE(s)                            | 将字符串s的顺序反过来                                        | 将字符串 abc 的顺序反过来：`SELECT REVERSE('abc') -- cba`    |
| RIGHT(s,n)                            | 返回字符串 s 的后 n 个字符                                   | 返回字符串 runoob 的后两个字符：`SELECT RIGHT('runoob',2) -- ob` |
| RPAD(s1,len,s2)                       | 在字符串 s1 的结尾处添加字符串 s2，使字符串的长度达到 len    | 将字符串 xx 填充到 abc 字符串的结尾处：`SELECT RPAD('abc',5,'xx') -- abcxx` |
| RTRIM(s)                              | 去掉字符串 s 结尾处的空格                                    | 去掉字符串 RUNOOB 的末尾空格：`SELECT RTRIM("RUNOOB     ") AS RightTrimmedString;   -- RUNOOB` |
| SPACE(n)                              | 返回 n 个空格                                                | 返回 10 个空格：`SELECT SPACE(10);`                          |
| STRCMP(s1,s2)                         | 比较字符串 s1 和 s2，如果 s1 与 s2 相等返回 0 ，如果 s1>s2 返回 1，如果 s1<s2 返回 -1 | 比较字符串：`SELECT STRCMP("runoob", "runoob");  -- 0`       |
| SUBSTR(s, start, length)              | 从字符串 s 的 start 位置截取长度为 length 的子字符串         | 从字符串 RUNOOB 中的第 2 个位置截取 3个 字符：`SELECT SUBSTR("RUNOOB", 2, 3) AS ExtractString; -- UNO` |
| SUBSTRING(s, start, length)           | 从字符串 s 的 start 位置截取长度为 length 的子字符串         | 从字符串 RUNOOB 中的第 2 个位置截取 3个 字符：`SELECT SUBSTRING("RUNOOB", 2, 3) AS ExtractString; -- UNO` |
| SUBSTRING_INDEX(s, delimiter, number) | 返回从字符串 s 的第 number 个出现的分隔符 delimiter 之后的子串。 如果 number 是正数，返回第 number 个字符左边的字符串。 如果 number 是负数，返回第(number 的绝对值(从右边数))个字符右边的字符串。 | `SELECT SUBSTRING_INDEX('a*b','*',1) -- a SELECT SUBSTRING_INDEX('a*b','*',-1)  -- b SELECT SUBSTRING_INDEX(SUBSTRING_INDEX('a*b*c*d*e','*',3),'*',-1)  -- c` |
| TRIM(s)                               | 去掉字符串 s 开始和结尾处的空格                              | 去掉字符串 RUNOOB 的首尾空格：`SELECT TRIM('    RUNOOB    ') AS TrimmedString;` |
| UCASE(s)                              | 将字符串转换为大写                                           | 将字符串 runoob 转换为大写：`SELECT UCASE("runoob"); -- RUNOOB` |
| UPPER(s)                              | 将字符串转换为大写                                           | 将字符串 runoob 转换为大写：`SELECT UPPER("runoob"); -- RUNOOB` |

------

## 2、MySQL 数字函数

| 函数名                             | 描述                                                         | 实例                                                         |
| :--------------------------------- | :----------------------------------------------------------- | :----------------------------------------------------------- |
| ABS(x)                             | 返回 x 的绝对值                                              | 返回 -1 的绝对值：`SELECT ABS(-1) -- 返回1`                  |
| ACOS(x)                            | 求 x 的反余弦值(参数是弧度)                                  | `SELECT ACOS(0.25);`                                         |
| ASIN(x)                            | 求反正弦值(参数是弧度)                                       | `SELECT ASIN(0.25);`                                         |
| ATAN(x)                            | 求反正切值(参数是弧度)                                       | `SELECT ATAN(2.5);`                                          |
| ATAN2(n, m)                        | 求反正切值(参数是弧度)                                       | `SELECT ATAN2(-0.8, 2);`                                     |
| AVG(expression)                    | 返回一个表达式的平均值，expression 是一个字段                | 返回 Products 表中Price 字段的平均值：`SELECT AVG(Price) AS AveragePrice FROM Products;` |
| CEIL(x)                            | 返回大于或等于 x 的最小整数                                  | `SELECT CEIL(1.5) -- 返回2`                                  |
| CEILING(x)                         | 返回大于或等于 x 的最小整数                                  | `SELECT CEILING(1.5); -- 返回2`                              |
| COS(x)                             | 求余弦值(参数是弧度)                                         | `SELECT COS(2);`                                             |
| COT(x)                             | 求余切值(参数是弧度)                                         | `SELECT COT(6);`                                             |
| COUNT(expression)                  | 返回查询的记录总数，expression 参数是一个字段或者 * 号       | 返回 Products 表中 products 字段总共有多少条记录：`SELECT COUNT(ProductID) AS NumberOfProducts FROM Products;` |
| DEGREES(x)                         | 将弧度转换为角度                                             | `SELECT DEGREES(3.1415926535898) -- 180`                     |
| n DIV m                            | 整除，n 为被除数，m 为除数                                   | 计算 10 除于 5：`SELECT 10 DIV 5;  -- 2`                     |
| EXP(x)                             | 返回 e 的 x 次方                                             | 计算 e 的三次方：`SELECT EXP(3) -- 20.085536923188`          |
| FLOOR(x)                           | 返回小于或等于 x 的最大整数                                  | 小于或等于 1.5 的整数：`SELECT FLOOR(1.5) -- 返回1`          |
| GREATEST(expr1, expr2, expr3, ...) | 返回列表中的最大值                                           | 返回以下数字列表中的最大值：`SELECT GREATEST(3, 12, 34, 8, 25); -- 34`返回以下字符串列表中的最大值：`SELECT GREATEST("Google", "Runoob", "Apple");   -- Runoob` |
| LEAST(expr1, expr2, expr3, ...)    | 返回列表中的最小值                                           | 返回以下数字列表中的最小值：`SELECT LEAST(3, 12, 34, 8, 25); -- 3`返回以下字符串列表中的最小值：`SELECT LEAST("Google", "Runoob", "Apple");   -- Apple` |
| LN                                 | 返回数字的自然对数，以 e 为底。                              | 返回 2 的自然对数：`SELECT LN(2);  -- 0.6931471805599453`    |
| LOG(x) 或 LOG(base, x)             | 返回自然对数(以 e 为底的对数)，如果带有 base 参数，则 base 为指定带底数。 | `SELECT LOG(20.085536923188) -- 3 SELECT LOG(2, 4); -- 2`    |
| LOG10(x)                           | 返回以 10 为底的对数                                         | `SELECT LOG10(100) -- 2`                                     |
| LOG2(x)                            | 返回以 2 为底的对数                                          | 返回以 2 为底 6 的对数：`SELECT LOG2(6);  -- 2.584962500721156` |
| MAX(expression)                    | 返回字段 expression 中的最大值                               | 返回数据表 Products 中字段 Price 的最大值：`SELECT MAX(Price) AS LargestPrice FROM Products;` |
| MIN(expression)                    | 返回字段 expression 中的最小值                               | 返回数据表 Products 中字段 Price 的最小值：`SELECT MIN(Price) AS MinPrice FROM Products;` |
| MOD(x,y)                           | 返回 x 除以 y 以后的余数                                     | 5 除于 2 的余数：`SELECT MOD(5,2) -- 1`                      |
| PI()                               | 返回圆周率(3.141593）                                        | `SELECT PI() --3.141593`                                     |
| POW(x,y)                           | 返回 x 的 y 次方                                             | 2 的 3 次方：`SELECT POW(2,3) -- 8`                          |
| POWER(x,y)                         | 返回 x 的 y 次方                                             | 2 的 3 次方：`SELECT POWER(2,3) -- 8`                        |
| RADIANS(x)                         | 将角度转换为弧度                                             | 180 度转换为弧度：`SELECT RADIANS(180) -- 3.1415926535898`   |
| RAND()                             | 返回 0 到 1 的随机数                                         | `SELECT RAND() --0.93099315644334`                           |
| ROUND(x)                           | 返回离 x 最近的整数                                          | `SELECT ROUND(1.23456) --1`                                  |
| SIGN(x)                            | 返回 x 的符号，x 是负数、0、正数分别返回 -1、0 和 1          | `SELECT SIGN(-10) -- (-1)`                                   |
| SIN(x)                             | 求正弦值(参数是弧度)                                         | `SELECT SIN(RADIANS(30)) -- 0.5`                             |
| SQRT(x)                            | 返回x的平方根                                                | 25 的平方根：`SELECT SQRT(25) -- 5`                          |
| SUM(expression)                    | 返回指定字段的总和                                           | 计算 OrderDetails 表中字段 Quantity 的总和：`SELECT SUM(Quantity) AS TotalItemsOrdered FROM OrderDetails;` |
| TAN(x)                             | 求正切值(参数是弧度)                                         | `SELECT TAN(1.75);  -- -5.52037992250933`                    |
| TRUNCATE(x,y)                      | 返回数值 x 保留到小数点后 y 位的值（与 ROUND 最大的区别是不会进行四舍五入） | `SELECT TRUNCATE(1.23456,3) -- 1.234`                        |

------

## 3、MySQL 日期函数

| 函数名                            | 描述                                                         | 实例                                                         |
| :-------------------------------- | :----------------------------------------------------------- | :----------------------------------------------------------- |
| ADDDATE(d,n)                      | 计算起始日期 d 加上 n 天的日期                               | `SELECT ADDDATE("2017-06-15", INTERVAL 10 DAY); ->2017-06-25` |
| ADDTIME(t,n)                      | n 是一个时间表达式，时间 t 加上时间表达式 n                  | 加 5 秒：`SELECT ADDTIME('2011-11-11 11:11:11', 5); ->2011-11-11 11:11:16 (秒)`添加 2 小时, 10 分钟, 5 秒:`SELECT ADDTIME("2020-06-15 09:34:21", "2:10:5");  -> 2020-06-15 11:44:26` |
| CURDATE()                         | 返回当前日期                                                 | `SELECT CURDATE(); -> 2018-09-19`                            |
| CURRENT_DATE()                    | 返回当前日期                                                 | `SELECT CURRENT_DATE(); -> 2018-09-19`                       |
| CURRENT_TIME                      | 返回当前时间                                                 | `SELECT CURRENT_TIME(); -> 19:59:02`                         |
| CURRENT_TIMESTAMP()               | 返回当前日期和时间                                           | `SELECT CURRENT_TIMESTAMP() -> 2018-09-19 20:57:43`          |
| CURTIME()                         | 返回当前时间                                                 | `SELECT CURTIME(); -> 19:59:02`                              |
| DATE()                            | 从日期或日期时间表达式中提取日期值                           | `SELECT DATE("2017-06-15");     -> 2017-06-15`               |
| DATEDIFF(d1,d2)                   | 计算日期 d1->d2 之间相隔的天数                               | `SELECT DATEDIFF('2001-01-01','2001-02-02') -> -32`          |
| DATE_ADD(d，INTERVAL expr type)   | 计算起始日期 d 加上一个时间段后的日期，type 值可以是：[MICROSECOND],[SECOND],[MINUTE],[HOUR],[DAY],[WEEK],[MONTH],[QUARTER],[YEAR],[SECOND_MICROSECOND],[MINUTE_MICROSECOND],[MINUTE_SECOND],[HOUR_MICROSECOND],[HOUR_SECOND],[HOUR_MINUTE],[DAY_MICROSECOND],[DAY_SECOND],[DAY_MINUTE],[DAY_HOUR],[YEAR_MONTH]| `SELECT DATE_ADD("2017-06-15", INTERVAL 10 DAY);     -> 2017-06-25 SELECT DATE_ADD("2017-06-15 09:34:21", INTERVAL 15 MINUTE); -> 2017-06-15 09:49:21 SELECT DATE_ADD("2017-06-15 09:34:21", INTERVAL -3 HOUR); ->2017-06-15 06:34:21 SELECT DATE_ADD("2017-06-15 09:34:21", INTERVAL -3 HOUR); ->2017-04-15` |
| DATE_FORMAT(d,f)                  | 按表达式 f的要求显示日期 d                                   | `SELECT DATE_FORMAT('2011-11-11 11:11:11','%Y-%m-%d %r') -> 2011-11-11 11:11:11 AM` |
| DATE_SUB(date,INTERVAL expr type) | 函数从日期减去指定的时间间隔。                               | Orders 表中 OrderDate 字段减去 2 天：`SELECT OrderId,DATE_SUB(OrderDate,INTERVAL 2 DAY) AS OrderPayDate FROM Orders` |
| DAY(d)                            | 返回日期值 d 的日期部分                                      | `SELECT DAY("2017-06-15");   -> 15`                          |
| DAYNAME(d)                        | 返回日期 d 是星期几，如 Monday,Tuesday                       | `SELECT DAYNAME('2011-11-11 11:11:11') ->Friday`             |
| DAYOFMONTH(d)                     | 计算日期 d 是本月的第几天                                    | `SELECT DAYOFMONTH('2011-11-11 11:11:11') ->11`              |
| DAYOFWEEK(d)                      | 日期 d 今天是星期几，1 星期日，2 星期一，以此类推            | `SELECT DAYOFWEEK('2011-11-11 11:11:11') ->6`                |
| DAYOFYEAR(d)                      | 计算日期 d 是本年的第几天                                    | `SELECT DAYOFYEAR('2011-11-11 11:11:11') ->315`              |
| EXTRACT(type FROM d)              | 从日期 d 中获取指定的值，type 指定返回的值。 type可取值为： MICROSECONDSECONDMINUTEHOURDAYWEEKMONTHQUARTERYEARSECOND_MICROSECONDMINUTE_MICROSECONDMINUTE_SECONDHOUR_MICROSECONDHOUR_SECONDHOUR_MINUTEDAY_MICROSECONDDAY_SECONDDAY_MINUTEDAY_HOURYEAR_MONTH | `SELECT EXTRACT(MINUTE FROM '2011-11-11 11:11:11')  -> 11`   |
| FROM_DAYS(n)                      | 计算从 0000 年 1 月 1 日开始 n 天后的日期                    | `SELECT FROM_DAYS(1111) -> 0003-01-16`                       |
| HOUR(t)                           | 返回 t 中的小时值                                            | `SELECT HOUR('1:2:3') -> 1`                                  |
| LAST_DAY(d)                       | 返回给给定日期的那一月份的最后一天                           | `SELECT LAST_DAY("2017-06-20"); -> 2017-06-30`               |
| LOCALTIME()                       | 返回当前日期和时间                                           | `SELECT LOCALTIME() -> 2018-09-19 20:57:43`                  |
| LOCALTIMESTAMP()                  | 返回当前日期和时间                                           | `SELECT LOCALTIMESTAMP() -> 2018-09-19 20:57:43`             |
| MAKEDATE(year, day-of-year)       | 基于给定参数年份 year 和所在年中的天数序号 day-of-year 返回一个日期 | `SELECT MAKEDATE(2017, 3); -> 2017-01-03`                    |
| MAKETIME(hour, minute, second)    | 组合时间，参数分别为小时、分钟、秒                           | `SELECT MAKETIME(11, 35, 4); -> 11:35:04`                    |
| MICROSECOND(date)                 | 返回日期参数所对应的微秒数                                   | `SELECT MICROSECOND("2017-06-20 09:34:00.000023"); -> 23`    |
| MINUTE(t)                         | 返回 t 中的分钟值                                            | `SELECT MINUTE('1:2:3') -> 2`                                |
| MONTHNAME(d)                      | 返回日期当中的月份名称，如 November                          | `SELECT MONTHNAME('2011-11-11 11:11:11') -> November`        |
| MONTH(d)                          | 返回日期d中的月份值，1 到 12                                 | `SELECT MONTH('2011-11-11 11:11:11') ->11`                   |
| NOW()                             | 返回当前日期和时间                                           | `SELECT NOW() -> 2018-09-19 20:57:43`                        |
| PERIOD_ADD(period, number)        | 为 年-月 组合日期添加一个时段                                | `SELECT PERIOD_ADD(201703, 5);    -> 201708`                 |
| PERIOD_DIFF(period1, period2)     | 返回两个时段之间的月份差值                                   | `SELECT PERIOD_DIFF(201710, 201703); -> 7`                   |
| QUARTER(d)                        | 返回日期d是第几季节，返回 1 到 4                             | `SELECT QUARTER('2011-11-11 11:11:11') -> 4`                 |
| SECOND(t)                         | 返回 t 中的秒钟值                                            | `SELECT SECOND('1:2:3') -> 3`                                |
| SEC_TO_TIME(s)                    | 将以秒为单位的时间 s 转换为时分秒的格式                      | `SELECT SEC_TO_TIME(4320) -> 01:12:00`                       |
| STR_TO_DATE(string, format_mask)  | 将字符串转变为日期                                           | `SELECT STR_TO_DATE("August 10 2017", "%M %d %Y"); -> 2017-08-10` |
| SUBDATE(d,n)                      | 日期 d 减去 n 天后的日期                                     | `SELECT SUBDATE('2011-11-11 11:11:11', 1) ->2011-11-10 11:11:11 (默认是天)` |
| SUBTIME(t,n)                      | 时间 t 减去 n 秒的时间                                       | `SELECT SUBTIME('2011-11-11 11:11:11', 5) ->2011-11-11 11:11:06 (秒)` |
| SYSDATE()                         | 返回当前日期和时间                                           | `SELECT SYSDATE() -> 2018-09-19 20:57:43`                    |
| TIME(expression)                  | 提取传入表达式的时间部分                                     | `SELECT TIME("19:30:10"); -> 19:30:10`                       |
| TIME_FORMAT(t,f)                  | 按表达式 f 的要求显示时间 t                                  | `SELECT TIME_FORMAT('11:11:11','%r') 11:11:11 AM`            |
| TIME_TO_SEC(t)                    | 将时间 t 转换为秒                                            | `SELECT TIME_TO_SEC('1:12:00') -> 4320`                      |
| TIMEDIFF(time1, time2)            | 计算时间差值                                                 | `SELECT TIMEDIFF("13:10:11", "13:10:10"); -> 00:00:01`       |
| TIMESTAMP(expression, interval)   | 单个参数时，函数返回日期或日期时间表达式；有2个参数时，将参数加和 | `SELECT TIMESTAMP("2017-07-23",  "13:10:11"); -> 2017-07-23 13:10:11` |
| TO_DAYS(d)                        | 计算日期 d 距离 0000 年 1 月 1 日的天数                      | `SELECT TO_DAYS('0001-01-01 01:01:01') -> 366`               |
| WEEK(d)                           | 计算日期 d 是本年的第几个星期，范围是 0 到 53                | `SELECT WEEK('2011-11-11 11:11:11') -> 45`                   |
| WEEKDAY(d)                        | 日期 d 是星期几，0 表示星期一，1 表示星期二                  | `SELECT WEEKDAY("2017-06-15"); -> 3`                         |
| WEEKOFYEAR(d)                     | 计算日期 d 是本年的第几个星期，范围是 0 到 53                | `SELECT WEEKOFYEAR('2011-11-11 11:11:11') -> 45`             |
| YEAR(d)                           | 返回年份                                                     | `SELECT YEAR("2017-06-15"); -> 2017`                         |
| YEARWEEK(date, mode)              | 返回年份及第几周（0到53），mode 中 0 表示周天，1表示周一，以此类推 | `SELECT YEARWEEK("2017-06-15"); -> 201724`                   |

------

## 4、MySQL 高级函数

| 函数名                                                       | 描述                                                         | 实例                                                         |
| :----------------------------------------------------------- | :----------------------------------------------------------- | :----------------------------------------------------------- |
| BIN(x)                                                       | 返回 x 的二进制编码                                          | 15 的 2 进制编码:`SELECT BIN(15); -- 1111`                   |
| BINARY(s)                                                    | 将字符串 s 转换为二进制字符串                                | `SELECT BINARY "RUNOOB"; -> RUNOOB`                          |
| `CASE expression    WHEN condition1 THEN result1    WHEN condition2 THEN result2   ...    WHEN conditionN THEN resultN    ELSE result END` | CASE 表示函数开始，END 表示函数结束。如果 condition1 成立，则返回 result1, 如果 condition2 成立，则返回 result2，当全部不成立则返回 result，而当有一个成立之后，后面的就不执行了。 | `SELECT CASE  　WHEN 1 > 0 　THEN '1 > 0' 　WHEN 2 > 0 　THEN '2 > 0' 　ELSE '3 > 0' 　END ->1 > 0` |
| CAST(x AS type)                                              | 转换数据类型                                                 | 字符串日期转换为日期：`SELECT CAST("2017-08-29" AS DATE); -> 2017-08-29` |
| COALESCE(expr1, expr2, ...., expr_n)                         | 返回参数中的第一个非空表达式（从左向右）                     | `SELECT COALESCE(NULL, NULL, NULL, 'runoob.com', NULL, 'google.com'); -> runoob.com` |
| CONNECTION_ID()                                              | 返回唯一的连接 ID                                            | `SELECT CONNECTION_ID(); -> 4292835`                         |
| CONV(x,f1,f2)                                                | 返回 f1 进制数变成 f2 进制数                                 | `SELECT CONV(15, 10, 2); -> 1111`                            |
| CONVERT(s USING cs)                                          | 函数将字符串 s 的字符集变成 cs                               | `SELECT CHARSET('ABC') ->utf-8     SELECT CHARSET(CONVERT('ABC' USING gbk)) ->gbk` |
| CURRENT_USER()                                               | 返回当前用户                                                 | `SELECT CURRENT_USER(); -> guest@%`                          |
| DATABASE()                                                   | 返回当前数据库名                                             | `SELECT DATABASE();    -> runoob`                            |
| IF(expr,v1,v2)                                               | 如果表达式 expr 成立，返回结果 v1；否则，返回结果 v2。       | `SELECT IF(1 > 0,'正确','错误')     ->正确`                  |
| [IFNULL(v1,v2)](https://www.runoob.com/mysql/mysql-func-ifnull.html) | 如果 v1 的值不为 NULL，则返回 v1，否则返回 v2。              | `SELECT IFNULL(null,'Hello Word') ->Hello Word`              |
| ISNULL(expression)                                           | 判断表达式是否为 NULL                                        | `SELECT ISNULL(NULL); ->1`                                   |
| LAST_INSERT_ID()                                             | 返回最近生成的 AUTO_INCREMENT 值                             | `SELECT LAST_INSERT_ID(); ->6`                               |
| NULLIF(expr1, expr2)                                         | 比较两个字符串，如果字符串 expr1 与 expr2 相等 返回 NULL，否则返回 expr1 | `SELECT NULLIF(25, 25); ->`                                  |
| SESSION_USER()                                               | 返回当前用户                                                 | `SELECT SESSION_USER(); -> guest@%`                          |
| SYSTEM_USER()                                                | 返回当前用户                                                 | `SELECT SYSTEM_USER(); -> guest@%`                           |
| USER()                                                       | 返回当前用户                                                 | `SELECT USER(); -> guest@%`                                  |
| VERSION()                                                    | 返回数据库的版本号                                           | `SELECT VERSION() -> 5.6.34`                                 |

